<?xml version="1.0" encoding="UTF-8"?>
<project-private xmlns="http://www.netbeans.org/ns/project-private/1">
    <editor-bookmarks xmlns="http://www.netbeans.org/ns/editor-bookmarks/2" lastBookmarkId="0"/>
    <open-files xmlns="http://www.netbeans.org/ns/projectui-open-files/2">
        <group>
            <file>file:/C:/Users/user/Documents/NetBeansProjects/Atividade4/src/tela/Tela.java</file>
            <file>file:/C:/Users/user/Documents/NetBeansProjects/Atividade4/src/atividade4/ImpostoIpi.java</file>
            <file>file:/C:/Users/user/Documents/NetBeansProjects/Atividade4/src/atividade4/Imposto.java</file>
            <file>file:/C:/Users/user/Documents/NetBeansProjects/Atividade4/src/atividade4/Pagamento.java</file>
            <file>file:/C:/Users/user/Documents/NetBeansProjects/Atividade4/src/atividade4/ImpostoPis.java</file>
            <file>file:/C:/Users/user/Documents/NetBeansProjects/Atividade4/src/atividade4/Atividade4.java</file>
        </group>
    </open-files>
</project-private>
