<?xml version="1.0" encoding="UTF-8"?>
<project-private xmlns="http://www.netbeans.org/ns/project-private/1">
    <editor-bookmarks xmlns="http://www.netbeans.org/ns/editor-bookmarks/2" lastBookmarkId="0"/>
    <open-files xmlns="http://www.netbeans.org/ns/projectui-open-files/2">
        <group>
            <file>file:/C:/Users/Aislan%20Penha/Documents/NetBeansProjects/ProjetoIntegrador/src/br/com/controlextras/main/Main.java</file>
            <file>file:/C:/Users/Aislan%20Penha/Documents/NetBeansProjects/ProjetoIntegrador/src/br/com/controlextras/modelos/Usuario.java</file>
            <file>file:/C:/Users/Aislan%20Penha/Documents/NetBeansProjects/ProjetoIntegrador/src/br/com/controlextras/modelos/HoraExtra.java</file>
            <file>file:/C:/Users/Aislan%20Penha/Documents/NetBeansProjects/ProjetoIntegrador/src/br/com/controlextras/modelos/Coordenador.java</file>
            <file>file:/C:/Users/Aislan%20Penha/Documents/NetBeansProjects/ProjetoIntegrador/src/br/com/controlextras/modelos/Gerente.java</file>
            <file>file:/C:/Users/Aislan%20Penha/Documents/NetBeansProjects/ProjetoIntegrador/src/br/com/controlextras/modelos/Funcionario.java</file>
            <file>file:/C:/Users/Aislan%20Penha/Documents/NetBeansProjects/ProjetoIntegrador/src/br/com/controlextras/modelos/ListaUsuario.java</file>
        </group>
    </open-files>
</project-private>
